task_id,basin_id,model,A_test_NSE,B_test_NSE,C_test_NSE,D_test_NSE,A_test_KGE,B_test_KGE,C_test_KGE,D_test_KGE,delta_B_A_NSE,delta_C_A_NSE,delta_D_A_NSE,delta_C_B_NSE,delta_D_B_NSE,delta_D_C_NSE,B_iterations,C_iterations,D_rounds,B_valid_proposal_rate,C_valid_proposal_rate,B_tokens,C_tokens,D_tokens,B_wall_time_s,C_wall_time_s,D_wall_time_s
12025000_gr4j,12025000,gr4j,0.747569526644025,0.28242628660615177,0.4978561481999033,0.7761114074204438,0.8428365411575006,0.501826252680882,0.5447877388246132,0.8246932444651284,-0.465143,-0.249713,0.028542,0.21543,0.493685,0.278255,15,15,2,1.0,1.0,23959,26081,4420,159.875,240.801,340.917
12025000_xaj,12025000,xaj,0.7758408797076196,0.7444007530212627,0.5176356743608093,0.7830322001800041,0.8022394502010424,0.7568887340190059,0.5815479394583181,0.7673848961730527,-0.03144,-0.258205,0.007191,-0.226765,0.038631,0.265397,15,15,15,1.0,1.0,38520,36526,48453,211.402,2415.408,4497.74
11532500_gr4j,11532500,gr4j,0.7414866561263087,0.29961023340255855,0.5353668858150895,0.7559471715247439,0.86280508414912,0.24815967297402108,0.4232413026489589,0.7807549401887195,-0.441876,-0.20612,0.014461,0.235757,0.456337,0.22058,15,15,15,1.0,1.0,29183,26682,30651,215.206,258.738,2446.424
11532500_xaj,11532500,xaj,0.5768502140222083,0.5501482191879867,0.5602774414906999,0.5773470808357626,0.6068310002140715,0.6047272384249176,0.5846846009356009,0.5604217097470418,-0.026702,-0.016573,0.000497,0.010129,0.027199,0.01707,15,15,15,1.0,1.0,41077,35610,51276,243.71,2365.64,5438.81
03439000_gr4j,03439000,gr4j,-0.8719858442078614,-0.4644531777986469,-0.6408738154935498,-0.27176148253259846,-0.6357619069014704,-0.4450579129078365,-0.8867862241760591,-0.2632887337373697,0.407533,0.231112,0.600224,-0.176421,0.192692,0.369112,15,15,15,1.0,1.0,31594,29130,29991,240.91,281.201,3227.982
03439000_xaj,03439000,xaj,0.06396488232153885,0.04518403448517305,-0.06249925056873873,0.116397683262078,-0.11004979296889128,-0.10424379022487229,-0.28507131970988087,-0.021944722749137613,-0.018781,-0.126464,0.052433,-0.107683,0.071214,0.178897,15,15,15,1.0,1.0,50183,43487,45388,330.991,2491.045,6165.722
