task_id,basin_id,model,human_test_NSE,agent_test_NSE,delta_agent_human_NSE,agent_test_KGE,random_median_NSE,random_IQR_low,random_IQR_high,agent_random_percentile,agent_auc_best_NSE,human_auc_best_NSE,human_active_min,agent_tokens
01543000_gr4j,01543000,gr4j,,0.48028214167337124,,0.6301092321461719,,,,,0.461613,,0.0,6770
03574500_gr4j,03574500,gr4j,,0.6729257276727996,,0.6055943696915236,,,,,0.60286,,0.0,7262
05495000_gr4j,05495000,gr4j,,0.5842446478526713,,0.5212692969623763,,,,,0.569614,,0.0,7071
06885500_gr4j,06885500,gr4j,,0.4581827314755266,,-0.1677496851781346,,,,,0.458183,,0.0,7867
07197000_gr4j,07197000,gr4j,,0.4662239869846455,,0.19357047370250458,,,,,0.461026,,0.0,7985
