condition_id,condition_name,n_runs,task_success_rate,controlled_failure_rate,information_missing_rate,missing_tool_rate,logic_error_rate,hallucination_rate,fabricated_tool_rate,wrong_tool_route_rate,ask_user_rate,create_skill_rate,recovery_success_rate,mean_recovery_turns,mean_recovery_tokens,mean_llm_calls,mean_tool_calls,mean_prompt_tokens,mean_completion_tokens,mean_cached_tokens,mean_total_tokens,mean_wall_time_s,mean_tool_compute_time_s,mean_llm_decision_time_s
B0,basic_tools,12,0.0,0.25,0.25,0.083333,0.083333,0.75,0.083333,0.0,0.083333,0.0,0.0,,,7.916667,11.333333,57678.333333,1981.666667,49472.0,59660.0,20.208583,0.01925,20.189333
B1,full_toolchain,12,0.583333,0.083333,0.25,0.416667,0.333333,0.083333,0.0,0.333333,0.25,0.083333,0.0,13.0,135392.0,9.75,10.5,77934.083333,6376.666667,67914.666667,84310.75,96.972,67.667417,29.304583
B2,basic_plus_create_skill,12,0.0,0.333333,0.25,0.333333,0.25,0.416667,0.0,0.25,0.333333,0.0,0.0,,,10.0,15.833333,92080.916667,1828.5,80714.666667,93909.416667,21.340583,0.209,21.131583
B3,basic_plus_create_skill_with_policy,12,0.0,0.333333,0.25,0.416667,0.416667,0.25,0.0,0.416667,0.0,0.333333,0.0,11.75,98182.75,10.25,13.75,86850.25,2718.583333,72725.333333,89568.833333,33.319833,15.041833,18.278
